,Municipio,Acatic,Acatlán de Juárez,Ahualulco de Mercado,Amacueca,Amatitán,Ameca,Antonio Escobedo,Arandas,El Arenal,Atemajac de Brizuela,Atengo,Atenguillo,Atotonilco El Alto,Atoyac,Autlán de Navarro,Ayotlán,Ayutla,La Barca,Bolaños,Cabo Corrientes,Casimiro Castillo,Cihuatlán,Ciudad Guzman,Cocula,Colotlán,Concepción de Buenos Aires,Cuautitlán de García Barragán,Cuautla,Cuquito,Chapala,Chimaltitán,Chiquilistlán,Degollado,Ejutla,Encarnación de Díaz,Etzatlán,El Grullo,Guachinango,Guadalajara,Hostotipaquillo,Huejúcar,Huejuquilla el Alto,La Huerta,Ixtlahuacán de los Membrillos,Ixtlahuacán del Río,Jalostotitlán,Jamay,Jesús María,Jilotlán de los Dolores,Jocotepec,Juanacatlán,Juchitlán,Lagos de Moreno,El Limón,Magdalena,Manuel M. Dieguez,La Manzanilla de la Paz,Mascota,Mazamitla,Mexticacán,Mezquitic,Mixtlán,Ocotlán,Ojuelos de Jalisco,Pihuamo,Poncitlán,Puerto Vallarta,Villa Purificación,Quitupan,El Salto,San Cristóbal de la Barranca,San Diego de Alejandría,San Juan de los Lagos,San Julián,San Marcos,San Martín de Bolaños,San Martín Hidalgo,San Miguel el Alto,Gómez Farías,San Sebastián del Oeste,Santa María de los Angeles,Sayula,Tala,Talpa de Allende,Tamazula de Gordiano,Tapalpa,Tecalitlán,Techaluta de Montenegro,Tecolotlán,Tenamaxtlán,Teocaltiche,Teocuitatlán de Corona,Tepatitlán de Morelos,Tequila,Teuchitlán,Tizapán el Alto,Tlajomulco de Zúñiga,Tlaquepaque,Tolimán,Tomatlán,Tonalá,Tonaya,Tonila,Totatiche,Tototlán,Tuxcacuesco,Tuxcueca,Tuxpan,Unión de San Antonio,Unión de Tula,Valle de Guadalupe,Valle de Juárez,Ciudad Venustiano Carranza,Villa Corona,Villa Guerrero,Villa Hidalgo,Cañadas de Obregón,Yahualica de González Gallo,Zacoalco de Torres,Zapopan,Zapotiltic,Zapotitlán de Vadillo,Zapotlán del Rey,Zapotlanejo,San Ignacio Cerro Gordo
0,Acatic,0,100,131,149,105,141,143,78,98,144,194,205,75,145,247,98,211,94,329,407,286,365,179,129,264,173,324,228,105,87,331,184,124,231,124,145,241,186,59,157,296,415,309,77,108,74,87,100,281,110,52,182,134,248,132,261,166,259,186,96,372,194,77,206,243,71,362,307,205,49,113,117,91,96,158,347,142,72,172,307,272,164,105,256,214,176,218,168,139,183,116,144,25,118,117,162,81,54,234,432,50,238,222,266,49,238,145,205,132,212,50,193,206,107,285,144,74,76,121,66,193,244,60,28,58
1,Acatlán de Juárez,100,0,83,52,78,61,95,169,71,46,95,125,136,51,149,160,113,126,306,326,188,267,85,31,242,89,226,129,118,56,308,85,186,132,215,97,142,106,45,129,274,392,211,56,94,165,108,177,187,29,62,83,224,150,105,177,82,178,102,174,350,114,97,297,149,80,281,209,120,61,90,207,182,186,110,324,44,162,78,227,250,66,53,176,120,78,124,70,41,84,207,50,115,91,69,78,23,48,136,333,55,140,128,243,105,141,60,111,222,113,140,109,108,9,262,234,164,154,24,47,99,148,91,74,148
2,Ahualulco de Mercado,131,83,0,132,57,31,13,200,49,127,119,97,167,128,173,191,137,173,317,298,212,291,162,63,253,159,249,145,143,117,320,109,217,156,246,16,166,78,73,60,285,404,235,107,118,196,159,208,264,99,103,107,255,174,37,247,152,150,172,199,361,86,149,328,226,132,253,233,190,100,101,238,213,218,28,335,48,193,155,199,261,147,32,148,197,159,201,94,122,108,234,127,146,57,14,148,71,79,217,351,86,196,205,254,136,221,130,188,253,137,171,179,189,77,273,261,195,179,104,71,176,227,128,105,180
3,Amacueca,149,52,132,0,127,113,144,218,120,57,147,177,185,13,141,209,165,175,356,365,177,249,44,83,291,89,215,181,168,105,358,137,235,141,264,147,121,158,95,179,323,442,200,105,143,214,157,226,146,78,111,135,274,117,154,177,81,230,101,224,399,166,147,346,108,129,333,198,120,111,139,257,231,236,159,374,95,212,37,279,299,19,102,228,79,38,83,122,11,136,256,35,164,140,118,81,72,98,89,323,105,93,87,292,155,94,64,70,271,151,190,109,61,60,311,284,213,203,33,97,58,100,140,123,198
4,Amatitán,105,78,57,127,0,68,55,174,9,122,142,132,141,123,196,165,160,147,292,327,235,314,157,78,227,154,272,176,117,96,294,132,191,179,220,56,189,113,47,56,259,378,258,86,93,170,138,182,259,94,78,130,230,197,32,242,147,185,167,173,335,121,128,302,221,111,282,256,185,75,76,213,187,192,68,310,80,168,150,234,235,142,32,183,192,154,196,117,117,131,208,122,120,13,43,143,66,54,211,380,61,216,200,229,111,216,125,183,227,160,146,174,184,80,248,235,169,153,99,46,171,222,102,80,154
5,Ameca,141,61,31,113,68,0,42,211,59,107,89,66,178,112,143,201,107,184,328,268,182,261,146,33,263,149,220,114,154,116,330,79,227,126,256,44,136,47,84,88,295,414,205,115,129,207,168,218,248,89,114,77,266,144,66,237,141,120,161,210,372,55,157,338,210,140,223,203,180,111,112,249,223,228,57,346,18,204,139,168,271,127,42,117,181,139,185,64,102,78,244,111,156,81,45,137,82,90,197,320,97,166,189,265,147,192,120,172,264,107,182,169,169,52,284,272,206,189,85,82,160,209,139,116,190
6,Antonio Escobedo,143,95,13,144,55,42,0,212,59,139,130,107,179,139,183,202,147,185,329,309,222,301,174,73,265,171,260,155,155,128,331,120,228,167,258,13,177,88,85,47,297,415,245,119,130,208,171,219,276,111,115,118,267,184,24,259,163,161,183,211,373,96,161,339,238,143,264,243,202,112,113,250,225,229,26,347,58,205,167,210,273,158,43,159,209,171,213,104,133,119,245,139,158,44,26,159,83,91,228,361,98,207,217,266,148,232,142,200,265,148,183,191,201,89,285,273,207,190,116,83,188,238,140,117,191
7,Arandas,78,169,200,218,174,211,212,0,167,213,263,274,36,214,316,40,280,69,398,476,355,434,248,198,333,242,393,297,141,156,400,253,66,300,108,214,310,255,128,226,365,484,378,146,170,74,84,22,350,178,120,251,118,317,202,330,235,328,254,111,441,263,91,190,313,108,431,376,273,117,182,85,89,64,227,416,211,57,241,376,341,233,175,325,283,245,287,237,208,252,118,213,56,187,186,231,151,123,303,501,119,307,291,335,66,307,213,274,99,281,64,262,275,176,354,146,88,112,190,135,262,313,98,97,21
8,El Arenal,98,71,49,120,9,59,59,167,0,115,134,123,135,116,187,158,151,140,285,325,226,305,150,69,220,147,264,168,111,89,287,124,184,171,213,60,181,104,41,61,252,371,249,79,86,164,132,175,252,87,71,122,223,188,36,235,140,177,160,167,329,112,121,295,215,104,280,247,178,68,69,206,180,185,72,303,72,161,143,225,228,135,23,174,185,147,189,108,110,123,201,115,113,22,35,136,59,47,205,372,54,209,193,222,104,209,118,176,221,152,139,167,177,72,241,229,163,146,92,39,164,215,96,73,147
9,Atemajac de Brizuela,144,46,127,57,122,107,139,213,115,0,142,171,180,65,188,204,159,170,350,373,224,296,91,77,286,125,262,176,162,100,352,132,230,179,259,141,168,152,89,173,318,436,247,100,138,209,152,221,193,73,106,130,268,164,149,214,118,225,138,218,394,160,141,341,155,124,328,245,157,105,134,251,226,231,154,368,90,206,84,273,294,66,97,222,126,34,130,116,58,131,251,72,159,135,113,118,67,92,136,370,99,140,134,287,149,141,101,117,266,160,184,146,108,55,306,278,208,198,41,91,105,148,135,118,192
10,Atengo,194,95,119,147,142,89,130,263,134,142,0,111,230,146,85,254,49,220,400,283,124,203,179,67,336,183,162,66,212,150,402,65,280,69,309,133,79,134,139,176,368,486,147,150,188,259,202,271,273,123,156,37,318,86,154,271,176,135,196,268,444,123,191,391,235,174,238,145,214,155,184,301,276,280,145,418,72,256,173,184,344,162,117,133,207,174,209,25,137,11,301,146,209,155,125,172,117,142,149,270,149,109,214,337,199,134,154,198,316,50,234,203,139,87,356,328,258,248,119,141,186,160,185,168,242
11,Atenguillo,205,125,97,177,132,66,107,274,123,171,111,0,241,176,127,265,63,247,392,203,166,245,210,97,327,212,204,49,218,179,394,143,291,111,320,110,121,35,148,154,359,478,189,179,193,270,231,282,312,153,178,93,330,128,131,301,205,55,225,274,435,14,221,402,274,204,158,187,244,175,176,313,287,292,123,410,82,268,203,104,335,191,106,53,245,203,249,108,166,100,308,175,220,145,110,201,146,154,191,255,161,151,253,329,211,176,184,236,327,92,246,233,180,116,348,336,269,253,148,146,224,202,203,180,254
12,Atotonilco El Alto,75,136,167,185,141,178,179,36,135,180,230,241,0,181,283,24,247,34,365,443,322,402,215,165,300,207,360,264,140,121,367,220,50,267,120,182,277,222,95,193,332,451,346,111,144,87,49,41,317,144,86,218,130,284,169,295,200,295,220,123,408,230,55,202,280,73,398,343,239,83,149,97,101,76,194,383,178,69,208,344,308,200,142,293,250,212,254,204,175,219,131,181,51,155,153,196,118,90,270,468,86,274,258,302,31,274,179,241,112,248,76,227,242,143,321,158,100,111,157,102,230,280,63,62,33
13,Atoyac,145,51,128,13,123,112,139,214,116,65,146,176,181,0,149,205,164,171,351,372,185,244,39,81,286,83,222,180,163,101,353,136,230,148,260,142,129,157,90,174,318,437,208,100,138,210,153,221,141,74,107,134,269,124,150,171,76,229,96,219,395,164,142,341,103,125,332,206,114,106,135,252,227,231,155,369,94,207,31,278,294,27,98,227,74,46,77,121,10,135,252,30,160,136,113,76,68,93,97,330,100,101,82,288,150,101,58,64,267,159,185,103,69,59,307,279,209,199,31,92,53,103,136,119,193
14,Autlán de Navarro,247,149,173,141,196,143,183,316,187,188,85,127,283,149,0,307,65,274,454,227,40,119,120,121,389,225,77,82,266,203,456,119,333,38,362,186,22,161,193,230,421,540,63,203,241,312,255,324,214,177,209,67,372,27,207,272,210,151,195,322,497,139,245,444,176,228,254,61,215,209,238,355,329,334,198,472,126,310,139,200,397,122,170,149,148,169,150,83,148,74,354,172,262,209,178,218,171,196,90,185,203,50,155,391,253,75,200,139,369,37,288,204,80,140,409,382,311,301,169,195,128,102,238,222,296
15,Ayotlán,98,160,191,209,165,201,202,40,158,204,254,265,24,205,307,0,271,49,389,466,346,425,239,189,324,226,384,288,163,140,391,244,26,291,144,205,301,246,119,217,356,475,369,130,168,111,65,18,341,163,110,242,154,308,192,315,219,319,239,147,432,254,71,226,303,90,422,367,258,106,173,121,125,100,218,407,202,93,232,367,332,224,165,316,274,236,278,228,198,243,155,204,75,178,176,215,141,114,293,492,110,298,282,326,55,298,198,265,136,272,100,246,266,167,344,182,124,134,181,126,253,304,87,86,57
16,Ayutla,211,113,137,165,160,107,147,280,151,159,49,63,247,164,65,271,0,238,418,235,104,184,159,85,353,200,142,18,230,168,420,83,297,49,326,150,59,97,157,194,385,504,128,167,205,276,219,288,253,141,173,31,336,66,171,289,193,87,213,286,461,75,209,408,215,192,190,125,232,173,202,319,293,298,162,436,90,274,178,136,361,161,134,85,187,191,189,47,154,38,318,163,226,173,142,189,135,160,129,250,167,89,194,355,217,114,172,178,334,30,252,221,119,104,373,346,276,265,136,159,167,141,202,186,260
17,La Barca,94,126,173,175,147,184,185,69,140,170,220,247,34,171,274,49,238,0,371,449,313,392,205,156,306,184,350,254,168,97,373,210,70,257,153,187,267,228,101,199,338,457,336,88,150,120,18,67,308,120,91,208,163,275,175,272,176,301,196,151,414,236,30,235,270,47,404,334,215,87,155,130,134,109,200,389,168,102,198,349,314,190,148,299,237,202,244,195,165,209,164,171,79,161,159,172,106,96,260,458,92,264,248,308,44,265,155,231,145,238,105,204,232,133,327,191,129,139,147,108,220,270,48,76,66
18,Bolaños,329,306,317,356,292,328,329,398,285,350,400,392,365,351,454,389,418,371,0,593,493,572,386,336,103,382,530,434,335,322,8,390,415,437,444,332,447,373,270,344,135,253,516,313,310,394,364,406,488,322,302,388,453,455,319,471,375,446,395,391,211,381,354,526,450,337,549,514,414,299,216,436,411,416,344,24,341,391,378,494,111,370,292,443,420,382,424,375,345,389,426,351,344,305,303,371,295,278,440,638,284,444,429,67,334,445,354,411,451,418,369,402,412,313,46,453,393,371,327,263,400,450,326,303,378
19,Cabo Corrientes,407,326,298,365,327,268,309,476,325,373,283,203,443,372,227,466,235,449,593,0,195,188,344,298,529,414,227,221,419,381,595,316,492,262,522,311,246,236,349,303,561,679,211,380,394,472,433,483,438,354,379,265,531,251,296,496,406,148,419,475,637,215,422,603,400,405,45,167,439,376,377,514,489,493,324,611,283,469,363,119,537,346,307,176,372,393,374,280,367,272,509,377,422,316,312,402,347,355,314,53,362,274,354,530,412,299,385,363,529,263,447,428,304,317,549,537,471,454,350,347,351,326,404,381,455
20,Casimiro Castillo,286,188,212,177,235,182,222,355,226,224,124,166,322,185,40,346,104,313,493,195,0,86,156,159,428,261,44,121,305,242,495,157,372,74,401,225,58,200,232,269,460,579,30,242,280,351,294,363,250,216,248,106,411,64,246,309,246,190,232,361,536,178,284,483,212,267,238,28,252,248,276,394,368,373,237,511,164,349,175,239,436,158,209,188,184,205,187,122,184,113,393,208,301,248,217,254,210,235,126,152,242,86,191,429,292,111,237,175,408,76,327,240,116,179,448,421,350,340,205,234,164,138,277,261,335
21,Cihuatlán,365,267,291,249,314,261,301,434,305,296,203,245,402,244,119,425,184,392,572,188,86,0,205,239,507,296,90,200,384,322,574,237,451,153,480,304,137,279,311,348,539,658,56,321,359,431,374,442,266,295,327,185,490,143,325,339,276,269,262,440,615,257,363,562,228,346,232,101,282,327,356,473,447,452,316,590,244,428,224,306,515,234,288,267,214,277,203,201,250,193,472,270,380,327,297,314,289,314,205,146,321,165,165,509,371,191,297,191,488,155,406,270,195,258,528,500,430,420,271,313,199,217,356,340,414
22,Ciudad Guzman,179,85,162,44,157,146,174,248,150,91,179,210,215,39,120,239,159,205,386,344,156,205,0,116,321,117,194,175,198,135,388,171,265,119,294,177,100,191,125,209,353,472,179,135,173,244,187,256,102,108,141,160,304,95,184,159,97,245,82,254,429,199,177,376,64,159,348,177,102,140,169,287,261,266,189,403,129,242,19,293,329,28,132,242,35,72,39,155,45,168,286,64,194,170,148,110,102,128,68,301,135,72,43,322,184,72,93,26,301,130,220,91,57,94,341,314,243,233,66,126,14,65,170,153,228
23,Cocula,129,31,63,83,78,33,73,198,69,77,67,97,165,81,121,189,85,156,336,298,159,239,116,0,271,118,197,101,148,85,338,57,215,104,244,76,114,78,75,120,303,422,183,85,123,194,137,206,218,59,91,55,254,121,97,207,111,150,131,204,379,85,127,326,180,110,253,180,150,91,119,237,211,216,88,354,15,192,109,199,279,97,52,148,151,109,155,42,72,56,236,81,144,91,60,107,53,78,167,305,85,144,159,272,135,169,90,142,251,85,170,139,139,22,291,264,193,183,54,77,130,178,120,104,178
24,Colotlán,264,242,253,291,227,263,265,333,220,286,336,327,300,286,389,324,353,306,103,529,428,507,321,271,0,318,466,370,271,257,105,326,350,372,379,267,383,308,206,279,33,152,451,248,246,329,300,341,423,258,238,324,389,390,255,406,310,381,330,327,109,316,289,461,385,272,484,449,349,234,152,372,346,351,280,121,276,327,314,429,9,306,227,378,356,318,360,310,280,325,361,286,279,240,239,306,230,213,375,573,219,380,364,39,270,380,289,347,386,353,305,338,348,249,58,389,328,306,263,199,335,385,261,239,313
25,Concepción de Buenos Aires,173,89,159,89,154,149,171,242,147,125,183,212,207,83,225,226,200,184,382,414,261,296,117,118,318,0,299,217,194,91,384,173,246,220,288,173,205,193,121,205,350,468,284,96,170,238,165,244,178,64,125,171,298,200,181,117,21,266,41,250,426,201,155,370,154,138,369,282,60,125,166,281,255,260,186,400,131,236,110,314,326,103,129,264,82,122,118,157,78,172,280,54,186,167,145,46,99,124,173,406,131,177,134,319,176,178,29,109,295,201,214,48,145,96,338,308,237,230,89,123,104,175,148,145,221
26,Cuautitlán de García Barragán,324,226,249,215,272,220,260,393,264,262,162,204,360,222,77,384,142,350,530,227,44,90,194,197,466,299,0,159,342,280,532,195,410,112,439,263,96,237,269,306,498,617,34,280,318,389,332,401,288,253,286,144,448,101,284,346,284,228,269,398,574,216,322,521,250,304,271,60,289,285,314,432,406,411,275,548,202,386,213,276,474,196,247,225,222,243,224,159,222,151,431,246,339,286,255,292,247,272,164,184,279,124,228,467,329,149,274,213,446,113,364,278,154,217,486,458,388,378,243,271,201,175,315,298,373
27,Cuautla,228,129,145,181,176,114,155,297,168,176,66,49,264,180,82,288,18,254,434,221,121,200,175,101,370,217,159,0,246,184,436,99,314,65,343,158,75,83,173,202,401,520,144,184,221,293,236,305,269,157,190,47,352,83,179,305,210,73,230,302,478,61,225,425,231,208,176,142,248,189,218,335,310,314,170,452,106,290,194,122,378,177,151,71,204,208,206,63,171,55,335,180,243,189,158,206,151,176,146,266,183,105,210,371,233,131,188,194,350,46,268,237,135,121,390,362,292,282,153,175,183,157,219,202,276
28,Cuquito,105,118,143,168,117,154,155,141,111,162,212,218,140,163,266,163,230,168,335,419,305,384,198,148,271,194,342,246,0,126,337,202,189,249,146,158,259,198,74,169,302,421,328,117,29,118,167,163,300,135,106,200,182,267,145,283,187,271,207,56,379,206,156,249,262,141,374,326,226,103,119,165,138,144,170,353,161,120,190,320,279,182,118,269,233,194,236,187,157,201,91,163,89,131,129,183,107,82,252,450,88,256,241,272,130,257,166,223,179,230,104,215,224,126,291,118,81,36,139,76,212,262,130,107,121
29,Chapala,87,56,117,105,96,116,128,156,89,100,150,179,121,101,203,140,168,97,322,381,242,322,135,85,257,91,280,184,126,0,324,140,160,187,202,131,197,160,52,147,289,408,266,10,102,152,79,158,237,27,39,138,211,204,123,179,83,233,103,174,366,168,69,284,200,51,336,263,122,38,106,195,169,174,143,340,98,150,128,282,265,120,87,231,144,132,174,124,95,139,194,91,100,109,102,79,46,46,190,388,52,194,178,259,90,194,62,161,209,168,127,111,162,63,278,221,151,154,77,59,150,200,62,59,135
30,Chimaltitán,331,308,320,358,294,330,331,400,287,352,402,394,367,353,456,391,420,373,8,595,495,574,388,338,105,384,532,436,337,324,0,392,417,439,446,334,449,375,272,346,137,256,518,315,312,396,366,408,490,325,304,390,455,457,321,473,377,448,397,393,213,383,356,528,452,339,551,516,416,301,219,439,413,418,346,16,343,393,380,496,113,372,294,445,422,384,426,377,347,391,428,353,346,307,305,373,297,280,442,640,286,446,431,69,336,447,356,413,453,420,371,405,414,316,48,455,395,373,329,265,402,452,328,305,380
31,Chiquilistlán,184,85,109,137,132,79,120,253,124,132,65,143,220,136,119,244,83,210,390,316,157,237,171,57,326,173,195,99,202,140,392,0,270,102,299,123,112,124,129,166,358,477,181,140,178,249,192,261,273,113,146,53,308,119,144,261,166,168,186,258,434,132,182,381,235,164,271,178,204,145,174,291,266,271,135,408,62,246,163,217,334,152,107,166,205,164,209,40,127,54,291,136,199,145,115,162,107,132,182,303,139,142,214,327,189,167,144,196,306,83,224,193,172,77,346,318,248,238,109,131,185,194,175,158,233
32,Degollado,124,186,217,235,191,227,228,66,184,230,280,291,50,230,333,26,297,70,415,492,372,451,265,215,350,246,410,314,189,160,417,270,0,316,170,231,327,272,144,243,382,501,395,151,194,137,85,44,367,183,135,268,180,334,218,335,239,345,259,173,458,280,92,252,329,110,448,393,278,132,198,147,151,126,243,433,228,119,258,393,358,249,191,342,300,262,304,254,224,269,181,230,101,204,202,235,167,140,319,517,135,324,308,351,80,324,218,291,162,297,126,267,292,193,370,208,150,160,207,151,279,329,109,112,83
33,Ejutla,231,132,156,141,179,126,167,300,171,179,69,111,267,148,38,291,49,257,437,262,74,153,119,104,372,220,112,65,249,187,439,102,316,0,346,169,20,144,176,213,404,523,97,186,224,296,239,307,213,160,193,50,355,27,191,272,210,135,195,305,481,123,228,427,175,211,238,95,215,192,221,338,313,317,182,455,109,293,138,183,380,121,153,132,148,169,150,66,147,58,338,171,246,192,162,209,154,179,90,220,186,49,154,374,236,75,191,139,353,20,271,204,79,124,393,365,295,285,156,178,127,101,222,205,279
34,Encarnación de Díaz,124,215,246,264,220,256,258,108,213,259,309,320,120,260,362,144,326,153,444,522,401,480,294,244,379,288,439,343,146,202,446,299,170,346,0,260,356,301,174,272,411,530,424,192,175,55,169,130,396,225,167,297,42,363,247,376,281,374,301,100,487,309,168,103,358,184,477,422,320,164,228,77,36,76,273,462,257,68,287,422,387,279,220,371,329,291,333,283,254,298,56,259,102,233,232,277,196,169,348,547,165,353,337,381,142,353,260,320,63,327,79,308,321,222,400,79,93,111,236,181,308,359,174,143,106
35,Etzatlán,145,97,16,147,56,44,13,214,60,141,133,110,182,142,186,205,150,187,332,311,225,304,177,76,267,173,263,158,158,131,334,123,231,169,260,0,180,91,88,47,299,418,248,122,133,211,174,222,279,114,118,121,270,187,25,262,166,164,186,214,376,99,163,342,241,146,267,246,205,115,116,253,227,232,15,350,61,208,169,212,275,161,46,161,212,173,216,107,136,122,248,142,160,44,29,162,86,94,231,364,101,209,220,269,151,235,145,203,268,150,186,194,203,92,288,276,210,193,119,86,191,241,143,120,194
36,El Grullo,241,142,166,121,189,136,177,310,181,168,79,121,277,129,22,301,59,267,447,246,58,137,100,114,383,205,96,75,259,197,449,112,327,20,356,180,0,154,186,223,415,533,81,197,235,306,249,318,194,170,203,61,365,7,201,252,190,145,175,315,491,133,238,438,156,221,248,79,195,202,231,348,323,327,192,465,119,303,119,193,391,102,164,142,128,149,130,76,128,68,348,152,256,202,172,198,164,189,70,204,196,30,135,384,246,55,180,119,363,30,281,184,60,134,403,375,305,295,149,188,108,82,232,215,289
37,Guachinango,186,106,78,158,113,47,88,255,104,152,134,35,222,157,161,246,97,228,373,236,200,279,191,78,308,193,237,83,198,160,375,124,272,144,301,91,154,0,128,135,340,459,223,160,174,251,212,263,293,134,159,122,311,162,112,282,186,89,206,255,416,24,202,383,255,185,192,221,225,156,157,294,268,273,104,391,63,249,184,137,316,172,87,86,226,184,230,109,147,123,289,156,201,126,91,182,127,135,225,289,142,184,234,310,192,210,165,217,308,125,227,214,214,97,329,317,250,234,129,127,205,236,183,161,235
38,Guadalajara,59,45,73,95,47,84,85,128,41,89,139,148,95,90,193,119,157,101,270,349,232,311,125,75,206,121,269,173,74,52,272,129,144,176,174,88,186,128,0,99,237,356,255,42,50,124,94,136,227,62,32,127,183,194,75,210,114,201,134,130,314,136,84,255,189,67,304,253,153,29,54,166,141,145,100,288,88,121,117,250,214,109,48,199,159,121,163,114,84,128,165,90,74,61,59,110,34,8,179,377,13,183,168,207,64,184,93,150,181,157,99,142,151,53,226,192,123,110,66,7,139,189,56,33,107
39,Hostotipaquillo,157,129,60,179,56,88,47,226,61,173,176,154,193,174,230,217,194,199,344,303,269,348,209,120,279,205,306,202,169,147,346,166,243,213,272,47,223,135,99,0,311,430,292,138,144,222,190,234,311,146,129,164,281,231,25,294,198,208,218,225,387,143,180,354,273,162,258,290,237,126,127,265,239,244,60,362,105,219,201,256,287,193,84,205,244,205,248,151,168,165,260,174,172,45,73,194,118,105,263,355,112,253,252,280,162,268,177,235,279,194,197,226,235,132,299,287,221,205,151,97,223,273,154,131,206
40,Huejúcar,296,274,285,323,259,295,297,365,252,318,368,359,332,318,421,356,385,338,135,561,460,539,353,303,33,350,498,401,302,289,137,358,382,404,411,299,415,340,237,311,0,120,483,280,278,361,332,373,455,290,270,356,421,422,286,438,342,413,362,358,77,348,321,493,417,304,516,481,381,266,184,404,378,383,312,152,308,359,345,461,24,337,259,410,388,350,392,342,312,357,393,318,311,272,271,338,262,245,407,605,251,412,396,71,302,412,321,379,418,385,337,370,380,281,90,420,360,338,295,231,367,417,293,271,345
41,Huejuquilla el Alto,415,392,404,442,378,414,415,484,371,436,486,478,451,437,540,475,504,457,253,679,579,658,472,422,152,468,617,520,421,408,256,477,501,523,530,418,533,459,356,430,120,0,602,399,397,480,451,492,574,409,388,474,540,541,405,557,461,532,481,477,44,467,440,612,536,423,635,600,500,385,303,523,497,502,431,271,427,478,464,580,143,456,378,529,507,468,511,461,431,476,512,437,430,391,389,457,381,364,526,724,370,531,515,190,420,531,440,498,537,504,456,489,498,400,209,539,479,457,414,350,486,536,412,389,464
42,La Huerta,309,211,235,200,258,205,245,378,249,247,147,189,346,208,63,369,128,336,516,211,30,56,179,183,451,284,34,144,328,266,518,181,395,97,424,248,81,223,255,292,483,602,0,265,303,375,318,386,273,239,271,129,434,87,269,332,270,213,255,384,559,201,307,506,235,290,255,45,275,271,300,417,391,396,260,534,188,372,198,262,459,181,232,211,207,228,210,145,207,137,416,231,324,271,241,277,233,258,149,169,265,109,214,453,315,135,260,198,432,99,350,264,139,202,472,444,374,364,228,257,187,161,300,284,358
43,Ixtlahuacán de los Membrillos,77,56,107,105,86,115,119,146,79,100,150,179,111,100,203,130,167,88,313,380,242,321,135,85,248,96,280,184,117,10,315,140,151,186,192,122,197,160,42,138,280,399,265,0,92,143,70,149,237,32,30,138,202,204,113,184,89,233,108,164,356,168,59,274,199,42,336,263,127,29,96,185,159,164,134,330,98,140,128,281,256,120,77,230,149,132,174,124,94,139,184,97,91,99,93,85,36,36,189,387,43,194,178,249,81,194,67,161,200,167,118,116,162,63,268,212,142,144,77,49,149,199,53,50,126
44,Ixtlahuacán del Río,108,94,118,143,93,129,130,170,86,138,188,193,144,138,241,168,205,150,310,394,280,359,173,123,246,170,318,221,29,102,312,178,194,224,175,133,235,174,50,144,278,397,303,92,0,146,144,185,275,110,82,176,210,242,120,258,162,246,182,85,354,182,133,277,237,116,349,301,201,78,94,193,166,172,145,328,136,148,165,295,254,157,93,244,208,169,212,162,132,177,119,138,117,106,104,158,82,57,227,425,63,232,216,247,114,232,141,199,207,205,132,190,200,101,266,147,109,64,115,51,187,237,106,83,149
45,Jalostotitlán,74,165,196,214,170,207,208,74,164,209,259,270,87,210,312,111,276,120,394,472,351,431,244,194,329,238,389,293,118,152,396,249,137,296,55,211,306,251,124,222,361,480,375,143,146,0,129,96,346,175,117,247,65,313,198,327,231,324,251,62,437,259,118,137,309,134,427,372,270,114,178,63,22,42,223,412,207,19,237,373,337,229,171,322,279,241,283,233,204,248,45,210,52,184,182,227,147,119,299,497,115,303,287,331,92,303,210,270,78,277,25,258,271,172,350,72,39,82,186,131,259,309,124,94,68
46,Jamay,87,108,159,157,138,168,171,84,132,152,202,231,49,153,255,65,219,18,364,433,294,374,187,137,300,165,332,236,167,79,366,192,85,239,169,174,249,212,94,190,332,451,318,70,144,129,0,83,289,102,82,190,178,256,166,254,158,285,178,151,408,220,12,250,252,29,388,315,197,81,148,145,146,124,186,382,150,117,180,334,308,172,130,283,219,184,226,176,147,191,171,153,78,152,145,154,88,89,242,440,85,246,230,301,38,246,137,213,160,220,104,186,214,115,320,198,128,138,129,101,202,252,40,69,81
47,Jesús María,100,177,208,226,182,218,219,22,175,221,271,282,41,221,324,18,288,67,406,483,363,442,256,206,341,244,401,305,163,158,408,261,44,307,130,222,318,263,136,234,373,492,386,149,185,96,83,0,358,181,127,259,139,325,209,333,237,336,257,132,449,271,89,211,320,108,439,384,276,123,190,106,110,85,235,424,219,78,249,384,349,241,182,333,291,253,295,245,215,260,140,221,77,195,193,233,158,131,310,509,127,315,299,343,72,315,216,282,121,289,85,264,283,184,361,167,109,134,198,143,270,321,104,103,42
48,Jilotlán de los Dolores,281,187,264,146,259,248,276,350,252,193,273,312,317,141,214,341,253,308,488,438,250,266,102,218,423,178,288,269,300,237,490,273,367,213,396,279,194,293,227,311,455,574,273,237,275,346,289,358,0,211,243,254,406,189,286,221,159,338,144,356,531,301,279,478,99,262,441,271,164,243,271,389,363,368,291,506,231,344,121,387,431,131,234,336,97,174,64,257,147,262,388,167,296,272,250,196,205,230,162,395,237,166,104,424,287,166,179,88,403,224,322,153,151,196,443,416,345,335,168,229,94,158,272,256,330
49,Jocotepec,110,29,99,78,94,89,111,178,87,73,123,153,144,74,177,163,141,120,322,354,216,295,108,59,258,64,253,157,135,27,325,113,183,160,225,114,170,134,62,146,290,409,239,32,110,175,102,181,211,0,62,111,234,178,121,152,56,206,76,191,366,142,92,306,173,74,309,237,95,61,106,217,192,196,126,340,71,172,101,255,266,93,69,204,117,105,147,98,68,112,217,64,123,107,85,53,39,65,163,361,72,167,152,259,113,168,35,134,232,141,150,84,135,36,278,244,174,170,50,63,123,173,85,82,158
50,Juanacatlán,52,62,103,111,78,114,115,120,71,106,156,178,86,107,209,110,173,91,302,379,248,327,141,91,238,125,286,190,106,39,304,146,135,193,167,118,203,159,32,129,270,388,271,30,82,117,82,127,243,62,0,144,176,210,105,214,118,231,138,139,346,167,71,249,206,54,334,269,157,3,86,159,134,139,130,320,104,114,134,280,246,126,78,229,176,138,180,130,101,145,159,106,65,91,89,114,42,27,196,394,23,200,184,239,55,200,97,167,174,174,92,145,168,69,258,186,116,119,83,39,155,206,46,24,100
51,Juchitlán,182,83,107,135,130,77,118,251,122,130,37,93,218,134,67,242,31,208,388,265,106,185,160,55,324,171,144,47,200,138,390,53,268,50,297,121,61,122,127,164,356,474,129,138,176,247,190,259,254,111,144,0,306,68,142,259,164,117,184,256,432,105,180,379,216,162,220,127,202,143,172,289,264,269,133,406,60,244,161,165,332,150,105,114,189,162,191,17,125,26,289,134,197,143,113,160,105,130,131,251,137,90,195,325,187,116,142,180,304,31,222,191,120,75,344,316,246,236,107,129,168,142,173,156,230
52,Lagos de Moreno,134,224,255,274,230,266,267,118,223,268,318,330,130,269,372,154,336,163,453,531,411,490,304,254,389,298,448,352,182,211,455,308,180,355,42,270,365,311,183,281,421,540,434,202,210,65,178,139,406,234,176,306,0,373,257,386,290,383,310,125,497,319,178,72,368,193,486,432,329,173,237,45,46,65,282,471,267,78,296,432,397,288,230,381,339,300,342,293,263,307,97,269,112,243,241,286,206,179,358,556,174,362,347,390,151,363,269,329,31,336,89,318,330,232,409,121,102,146,245,190,318,368,184,153,115
53,El Limón,248,150,174,117,197,144,184,317,188,164,86,128,284,124,27,308,66,275,455,251,64,143,95,121,390,200,101,83,267,204,457,119,334,27,363,187,7,162,194,231,422,541,87,204,242,313,256,325,189,178,210,68,373,0,208,248,186,152,171,323,498,140,246,445,151,229,255,85,191,210,238,356,330,335,199,473,126,311,114,201,398,97,171,150,124,145,126,84,123,75,355,147,263,210,179,193,172,197,66,209,204,25,130,391,254,51,176,115,370,38,289,180,55,141,410,383,312,302,144,196,103,77,239,223,297
54,Magdalena,132,105,37,154,32,66,24,202,36,149,154,131,169,150,207,192,171,175,319,296,246,325,184,97,255,181,284,179,145,123,321,144,218,191,247,25,201,112,75,25,286,405,269,113,120,198,166,209,286,121,105,142,257,208,0,269,174,185,194,201,363,120,155,329,249,138,251,267,212,102,103,240,214,219,37,337,82,195,177,233,262,169,59,183,219,181,223,128,144,143,235,150,147,21,50,170,93,81,239,348,88,231,227,256,138,243,152,210,255,172,173,201,211,107,275,263,197,180,126,73,199,249,130,107,181
55,Manuel M. Dieguez,261,177,247,177,242,237,259,330,235,214,271,301,295,171,272,315,289,272,471,496,309,339,159,207,406,117,346,305,283,179,473,261,335,272,376,262,252,282,210,294,438,557,332,184,258,327,254,333,221,152,214,259,386,248,269,0,97,354,80,339,514,290,243,458,197,226,457,330,73,213,254,369,344,348,274,489,220,324,178,403,414,188,217,352,124,210,161,246,166,260,369,142,275,255,233,134,188,213,220,454,220,225,176,407,265,225,117,151,384,283,302,68,210,185,426,396,326,318,177,212,147,217,237,234,310
56,La Manzanilla de la Paz,166,82,152,81,147,141,163,235,140,118,176,205,200,76,210,219,193,176,375,406,246,276,97,111,310,21,284,210,187,83,377,166,239,210,281,166,190,186,114,198,342,461,270,89,162,231,158,237,159,56,118,164,290,186,174,97,0,259,21,243,419,194,148,363,134,130,362,267,40,117,159,274,248,253,179,393,124,228,103,307,318,96,122,256,62,115,99,150,71,165,273,47,179,160,137,39,92,117,158,392,124,163,114,312,169,163,22,89,288,194,206,29,138,89,331,300,230,223,82,116,85,155,141,138,214
57,Mascota,259,178,150,230,185,120,161,328,177,225,135,55,295,229,151,319,87,301,446,148,190,269,245,150,381,266,228,73,271,233,448,168,345,135,374,164,145,89,201,208,413,532,213,233,246,324,285,336,338,206,231,117,383,152,185,354,259,0,279,327,489,67,275,456,301,257,103,211,297,228,229,366,341,346,176,463,135,321,256,49,389,245,160,29,273,257,275,132,220,124,362,229,274,198,164,255,199,207,215,200,214,175,279,382,264,200,237,264,381,116,299,286,205,170,401,389,323,307,202,199,252,226,256,233,308
58,Mazamitla,186,102,172,101,167,161,183,254,160,138,196,225,220,96,195,239,213,196,395,419,232,262,82,131,330,41,269,230,207,103,397,186,259,195,301,186,175,206,134,218,362,481,255,108,182,251,178,257,144,76,138,184,310,171,194,80,21,279,0,263,439,214,168,383,120,150,382,253,23,137,179,293,268,273,199,413,144,248,101,327,338,111,142,276,47,135,84,170,91,185,293,67,199,180,157,59,112,137,143,377,144,148,99,332,189,148,41,74,308,206,226,11,133,109,351,320,250,243,102,136,70,140,161,158,234
59,Mexticacán,96,174,199,224,173,210,211,111,167,218,268,274,123,219,322,147,286,151,391,475,361,440,254,204,327,250,398,302,56,174,393,258,173,305,100,214,315,255,130,225,358,477,384,164,85,62,151,132,356,191,139,256,125,323,201,339,243,327,263,0,435,262,140,197,318,156,430,382,282,136,175,108,81,87,226,409,217,63,246,376,335,238,174,325,289,250,292,243,213,257,44,219,74,187,185,239,163,138,308,506,137,312,297,328,114,313,222,279,123,286,47,271,280,182,347,72,25,21,195,132,268,318,146,115,90
60,Mezquitic,372,350,361,399,335,372,373,441,329,394,444,435,408,395,497,432,461,414,211,637,536,615,429,379,109,426,574,478,379,366,213,434,458,481,487,376,491,416,314,387,77,44,559,356,354,437,408,449,531,366,346,432,497,498,363,514,419,489,439,435,0,424,397,569,493,380,592,557,457,342,260,480,454,459,388,229,384,435,422,538,100,414,336,487,464,426,468,418,388,433,469,394,387,349,347,415,338,321,483,682,327,488,472,148,378,488,397,455,495,462,413,446,456,357,166,497,437,414,371,307,443,494,370,347,421
61,Mixtlán,194,114,86,166,121,55,96,263,112,160,123,14,230,164,139,254,75,236,381,215,178,257,199,85,316,201,216,61,206,168,383,132,280,123,309,99,133,24,136,143,348,467,201,168,182,259,220,271,301,142,167,105,319,140,120,290,194,67,214,262,424,0,210,391,263,193,170,199,233,164,165,302,276,281,112,399,71,257,192,116,324,180,95,65,234,192,238,117,155,112,297,164,209,134,99,190,135,143,203,267,150,163,242,318,200,188,173,225,316,104,235,222,192,105,337,324,258,242,137,135,213,214,191,169,243
62,Ocotlán,77,97,149,147,128,157,161,91,121,141,191,221,55,142,245,71,209,30,354,422,284,363,177,127,289,155,322,225,156,69,356,182,92,228,168,163,238,202,84,180,321,440,307,59,133,118,12,89,279,92,71,180,178,246,155,243,148,275,168,140,397,210,0,250,241,19,378,305,186,70,138,152,135,131,176,372,140,116,169,323,297,161,119,272,209,173,216,166,136,181,160,142,68,141,135,144,78,78,231,429,75,236,220,291,27,236,126,203,166,209,94,175,203,105,310,188,117,128,119,91,191,241,29,58,88
63,Ojuelos de Jalisco,206,297,328,346,302,338,339,190,295,341,391,402,202,341,444,226,408,235,526,603,483,562,376,326,461,370,521,425,249,284,528,381,252,427,103,342,438,383,255,354,493,612,506,274,277,137,250,211,478,306,249,379,72,445,329,458,363,456,383,197,569,391,250,0,440,266,559,504,401,245,309,115,118,134,354,544,339,150,369,504,469,360,302,453,411,373,415,365,335,380,158,341,184,315,313,359,278,251,430,628,246,435,419,462,224,435,341,402,101,408,161,390,403,304,481,182,175,213,318,262,390,440,256,225,187
64,Pihuamo,243,149,226,108,221,210,238,313,215,155,235,274,280,103,176,303,215,270,450,400,212,228,64,180,385,154,250,231,262,200,452,235,329,175,358,241,156,255,189,273,417,536,235,199,237,309,252,320,99,173,206,216,368,151,249,197,134,301,120,318,493,263,241,440,0,224,404,233,140,205,234,351,325,330,253,468,193,306,83,349,393,93,197,298,72,136,36,219,109,224,351,129,258,235,212,172,167,192,124,357,199,128,66,387,249,129,155,50,366,186,284,128,113,158,406,378,308,298,130,191,58,121,235,218,292
65,Poncitlán,71,80,132,129,111,140,143,108,104,124,174,204,73,125,228,90,192,47,337,405,267,346,159,110,272,138,304,208,141,51,339,164,110,211,184,146,221,185,67,162,304,423,290,42,116,134,29,108,262,74,54,162,193,229,138,226,130,257,150,156,380,193,19,266,224,0,360,288,169,53,121,169,151,148,158,355,122,132,152,306,280,144,102,255,191,156,198,149,119,163,176,125,84,124,117,126,61,61,214,412,58,218,203,274,43,219,109,185,184,192,109,158,186,87,293,203,133,138,101,74,174,224,11,43,106
66,Puerto Vallarta,362,281,253,333,282,223,264,431,280,328,238,158,398,332,254,422,190,404,549,45,238,232,348,253,484,369,271,176,374,336,551,271,448,238,477,267,248,192,304,258,516,635,255,336,349,427,388,439,441,309,334,220,486,255,251,457,362,103,382,430,592,170,378,559,404,360,0,211,400,331,332,469,444,449,279,566,238,424,359,74,492,348,263,132,376,360,378,235,323,227,465,332,377,271,267,358,303,310,318,97,317,278,382,485,367,303,340,367,484,219,402,389,308,273,504,492,426,410,305,302,355,329,359,336,411
67,Villa Purificación,307,209,233,198,256,203,243,376,247,245,145,187,343,206,61,367,125,334,514,167,28,101,177,180,449,282,60,142,326,263,516,178,393,95,422,246,79,221,253,290,481,600,45,263,301,372,315,384,271,237,269,127,432,85,267,330,267,211,253,382,557,199,305,504,233,288,211,0,273,269,297,415,389,394,258,532,185,370,196,260,457,179,230,209,205,226,208,143,205,134,414,229,322,269,238,275,231,256,147,125,263,107,212,450,313,133,258,196,429,97,348,261,137,200,469,442,371,361,226,255,185,159,298,282,356
68,Quitupan,205,120,190,120,185,180,202,273,178,157,214,244,239,114,215,258,232,215,414,439,252,282,102,150,349,60,289,248,226,122,416,204,278,215,320,205,195,225,153,237,381,500,275,127,201,270,197,276,164,95,157,202,329,191,212,73,40,297,23,282,457,233,186,401,140,169,400,273,0,156,198,312,287,291,217,432,163,267,121,346,357,131,161,295,67,153,104,189,109,203,312,85,218,198,176,78,131,156,163,397,163,168,119,351,208,168,60,94,327,226,245,11,153,128,369,339,269,261,120,155,90,160,180,177,253
69,El Salto,49,61,100,111,75,111,112,117,68,105,155,175,83,106,209,106,173,87,299,376,248,327,140,91,234,125,285,189,103,38,301,145,132,192,164,115,202,156,29,126,266,385,271,29,78,114,81,123,243,61,3,143,173,210,102,213,117,228,137,136,342,164,70,245,205,53,331,269,156,0,83,156,131,135,127,317,103,111,133,277,242,125,75,226,175,137,179,130,100,144,156,106,62,88,86,113,42,24,195,393,20,199,184,236,52,200,96,166,171,173,89,145,167,68,255,183,113,115,82,36,155,205,43,21,97
70,San Cristóbal de la Barranca,113,90,101,139,76,112,113,182,69,134,184,176,149,135,238,173,202,155,216,377,276,356,169,119,152,166,314,218,119,106,219,174,198,221,228,116,231,157,54,127,184,303,300,96,94,178,148,190,271,106,86,172,237,238,103,254,159,229,179,175,260,165,138,309,234,121,332,297,198,83,0,220,195,199,128,234,124,175,162,278,160,154,76,227,204,166,208,159,129,173,210,135,128,89,87,155,78,61,224,422,67,228,212,153,118,228,138,195,235,202,153,186,196,97,172,237,177,155,111,47,184,234,110,87,161
71,San Diego de Alejandría,117,207,238,257,213,249,250,85,206,251,301,313,97,252,355,121,319,130,436,514,394,473,287,237,372,281,432,335,165,195,439,291,147,338,77,253,348,294,166,265,404,523,417,185,193,63,145,106,389,217,159,289,45,356,240,369,274,366,293,108,480,302,152,115,351,169,469,415,312,156,220,0,76,21,265,454,250,46,279,415,380,271,213,364,322,283,326,276,246,290,107,252,95,226,224,270,189,162,341,539,157,345,330,373,127,346,252,313,16,319,72,301,313,215,392,135,85,129,229,173,301,351,160,136,82
72,San Juan de los Lagos,91,182,213,231,187,223,225,89,180,226,276,287,101,227,329,125,293,134,411,489,368,447,261,211,346,255,406,310,138,169,413,266,151,313,36,227,323,268,141,239,378,497,391,159,166,22,146,110,363,192,134,264,46,330,214,344,248,341,268,81,454,276,135,118,325,151,444,389,287,131,195,76,0,57,240,429,224,35,254,389,354,246,187,338,296,258,300,250,221,265,53,226,69,200,199,244,163,136,316,514,132,320,304,348,109,320,227,287,62,294,45,275,288,189,367,80,58,102,203,148,275,326,141,110,85
73,San Julián,96,186,218,236,192,228,229,64,185,231,280,292,76,231,334,100,298,109,416,493,373,452,266,216,351,260,411,314,144,174,418,271,126,317,76,232,327,273,145,244,383,502,396,164,172,42,124,85,368,196,139,269,65,335,219,348,253,346,273,87,459,281,131,134,330,148,449,394,291,135,199,21,57,0,244,433,229,25,258,394,359,250,192,343,301,262,305,255,225,270,86,231,74,205,203,249,168,141,320,518,136,325,309,352,106,325,231,292,36,298,51,280,292,194,371,114,64,108,208,152,280,330,139,115,61
74,San Marcos,158,110,28,159,68,57,26,227,72,154,145,123,194,155,198,218,162,200,344,324,237,316,189,88,280,186,275,170,170,143,346,135,243,182,273,15,192,104,100,60,312,431,260,134,145,223,186,235,291,126,130,133,282,199,37,274,179,176,199,226,388,112,176,354,253,158,279,258,217,127,128,265,240,244,0,362,73,220,182,225,288,174,58,174,224,186,228,119,148,134,261,154,173,57,41,175,98,106,243,376,113,222,232,281,163,247,157,215,280,163,198,206,216,104,300,288,222,206,131,98,203,254,155,132,206
75,San Martín de Bolaños,347,324,335,374,310,346,347,416,303,368,418,410,383,369,472,407,436,389,24,611,511,590,403,354,121,400,548,452,353,340,16,408,433,455,462,350,465,391,288,362,152,271,534,330,328,412,382,424,506,340,320,406,471,473,337,489,393,463,413,409,229,399,372,544,468,355,566,532,432,317,234,454,429,433,362,0,359,409,396,512,129,388,310,461,438,400,442,393,363,407,444,369,362,323,321,389,312,296,458,656,301,462,447,84,352,463,372,429,469,436,387,420,430,331,64,471,411,389,345,281,418,468,344,321,395
76,San Martín Hidalgo,142,44,48,95,80,18,58,211,72,90,72,82,178,94,126,202,90,168,341,283,164,244,129,15,276,131,202,106,161,98,343,62,228,109,257,61,119,63,88,105,308,427,188,98,136,207,150,219,231,71,104,60,267,126,82,220,124,135,144,217,384,71,140,339,193,122,238,185,163,103,124,250,224,229,73,359,0,205,121,184,284,110,55,133,164,122,168,47,85,61,249,94,157,94,61,120,65,91,180,310,98,149,172,278,147,174,103,155,264,90,182,151,152,35,296,276,206,196,67,89,143,191,133,116,191
77,San Miguel el Alto,72,162,193,212,168,204,205,57,161,206,256,268,69,207,310,93,274,102,391,469,349,428,242,192,327,236,386,290,120,150,393,246,119,293,68,208,303,249,121,219,359,478,372,140,148,19,117,78,344,172,114,244,78,311,195,324,228,321,248,63,435,257,116,150,306,132,424,370,267,111,175,46,35,25,220,409,205,0,234,370,335,226,168,319,277,238,280,231,201,245,63,207,50,181,179,224,144,117,296,494,112,300,285,328,89,301,207,267,60,274,27,256,268,170,347,90,40,84,183,128,256,306,122,91,54
78,Gómez Farías,172,78,155,37,150,139,167,241,143,84,173,203,208,31,139,232,178,198,378,363,175,224,19,109,314,110,213,194,190,128,380,163,258,138,287,169,119,184,117,201,345,464,198,128,165,237,180,249,121,101,134,161,296,114,177,178,103,256,101,246,422,192,169,369,83,152,359,196,121,133,162,279,254,258,182,396,121,234,0,305,322,21,125,254,54,65,58,148,37,162,279,57,187,163,140,103,95,120,87,320,127,91,62,315,177,91,86,45,294,149,212,110,63,86,334,306,236,226,59,119,33,84,163,146,220
79,San Sebastián del Oeste,307,227,199,279,234,168,210,376,225,273,184,104,344,278,200,367,136,349,494,119,239,306,293,199,429,314,276,122,320,282,496,217,393,183,422,212,193,137,250,256,461,580,262,281,295,373,334,384,387,255,280,165,432,201,233,403,307,49,327,376,538,116,323,504,349,306,74,260,346,277,278,415,389,394,225,512,184,370,305,0,437,293,208,77,321,305,324,181,268,173,410,277,322,247,212,303,248,256,263,171,263,223,328,431,313,249,286,312,430,164,348,335,253,218,450,438,372,355,251,248,301,275,305,282,356
80,Santa María de los Angeles,272,250,261,299,235,271,273,341,228,294,344,335,308,294,397,332,361,314,111,537,436,515,329,279,9,326,474,378,279,265,113,334,358,380,387,275,391,316,214,287,24,143,459,256,254,337,308,349,431,266,246,332,397,398,262,414,318,389,338,335,100,324,297,469,393,280,492,457,357,242,160,380,354,359,288,129,284,335,322,437,0,314,235,386,364,326,368,318,288,333,369,294,287,248,247,314,238,221,383,581,227,388,372,47,278,388,297,355,394,361,313,346,356,257,66,397,336,314,271,207,343,393,269,247,321
81,Sayula,164,66,147,19,142,127,158,233,135,66,162,191,200,27,122,224,161,190,370,346,158,234,28,97,306,103,196,177,182,120,372,152,249,121,279,161,102,172,109,193,337,456,181,120,157,229,172,241,131,93,126,150,288,97,169,188,96,245,111,238,414,180,161,360,93,144,348,179,131,125,154,271,246,250,174,388,110,226,21,293,314,0,117,242,63,47,67,136,26,151,271,50,179,155,132,96,87,112,70,303,119,74,72,307,169,75,79,54,286,132,204,119,42,75,326,298,228,218,47,111,43,81,155,138,212
82,Tala,105,53,32,102,32,42,43,175,23,97,117,106,142,98,170,165,134,148,292,307,209,288,132,52,227,129,247,151,118,87,294,107,191,153,220,46,164,87,48,84,259,378,232,77,93,171,130,182,234,69,78,105,230,171,59,217,122,160,142,174,336,95,119,302,197,102,263,230,161,75,76,213,187,192,58,310,55,168,125,208,235,117,0,157,167,129,171,91,92,106,208,98,120,45,17,118,42,54,187,354,61,191,175,229,111,191,101,158,228,134,146,149,159,55,248,236,170,153,74,46,147,197,103,80,154
83,Talpa de Allende,256,176,148,228,183,117,159,325,174,222,133,53,293,227,149,316,85,299,443,176,188,267,242,148,378,264,225,71,269,231,445,166,342,132,371,161,142,86,199,205,410,529,211,230,244,322,283,333,336,204,229,114,381,150,183,352,256,29,276,325,487,65,272,453,298,255,132,209,295,226,227,364,338,343,174,461,133,319,254,77,386,242,157,0,270,254,273,130,217,122,359,226,271,196,161,252,197,205,212,229,212,172,277,380,262,198,235,261,379,113,297,284,202,167,399,387,321,304,200,197,250,224,254,231,305
84,Tamazula de Gordiano,214,120,197,79,192,181,209,283,185,126,207,245,250,74,148,274,187,237,420,372,184,214,35,151,356,82,222,204,233,144,422,205,300,148,329,212,128,226,159,244,388,507,207,149,208,279,219,291,97,117,176,189,339,124,219,124,62,273,47,289,464,234,209,411,72,191,376,205,67,175,204,322,296,301,224,438,164,277,54,321,364,63,167,270,0,107,37,190,80,196,321,99,229,205,183,100,137,162,96,330,169,100,52,357,219,101,82,27,336,158,254,56,86,129,376,348,278,268,101,161,22,93,202,188,263
85,Tapalpa,176,78,159,38,154,139,171,245,147,34,174,203,212,46,169,236,191,202,382,393,205,277,72,109,318,122,243,208,194,132,384,164,262,169,291,173,149,184,121,205,350,468,228,132,169,241,184,253,174,105,138,162,300,145,181,210,115,257,135,250,426,192,173,373,136,156,360,226,153,137,166,283,258,262,186,400,122,238,65,305,326,47,129,254,107,0,111,148,45,163,283,69,191,167,145,115,99,124,117,351,131,121,115,319,181,122,97,98,298,179,216,142,89,87,338,310,240,230,66,123,86,128,167,150,224
86,Tecalitlán,218,124,201,83,196,185,213,287,189,130,209,249,254,77,150,278,189,244,424,374,187,203,39,155,360,118,224,206,236,174,426,209,304,150,333,216,130,230,163,248,392,511,210,174,212,283,226,295,64,147,180,191,342,126,223,161,99,275,84,292,468,238,216,415,36,198,378,208,104,179,208,326,300,305,228,442,168,280,58,324,368,67,171,273,37,111,0,194,84,198,325,103,233,209,187,136,141,166,98,332,173,103,40,361,223,103,119,24,340,161,258,93,88,133,380,352,282,272,105,165,32,95,209,192,267
87,Techaluta de Montenegro,168,70,94,122,117,64,104,237,108,116,25,108,204,121,83,228,47,195,375,280,122,201,155,42,310,157,159,63,187,124,377,40,254,66,283,107,76,109,114,151,342,461,145,124,162,233,176,245,257,98,130,17,293,84,128,246,150,132,170,243,418,117,166,365,219,149,235,143,189,130,159,276,250,255,119,393,47,231,148,181,318,136,91,130,190,148,194,0,111,15,275,120,183,130,99,146,92,117,146,267,124,106,198,312,174,132,129,181,290,47,209,178,136,61,330,303,232,222,93,116,169,158,159,143,217
88,Tecolotlán,139,41,122,11,117,102,133,208,110,58,137,166,175,10,148,198,154,165,345,367,184,250,45,72,280,78,222,171,157,95,347,127,224,147,254,136,128,147,84,168,312,431,207,94,132,204,147,215,147,68,101,125,263,123,144,166,71,220,91,213,388,155,136,335,109,119,323,205,109,100,129,246,221,225,148,363,85,201,37,268,288,26,92,217,80,45,84,111,0,126,246,25,154,130,107,71,62,87,96,329,94,100,88,282,144,100,53,71,261,154,179,98,68,50,301,273,203,193,22,86,59,107,130,113,187
89,Tenamaxtlán,183,84,108,136,131,78,119,252,123,131,11,100,219,135,74,243,38,209,389,272,113,193,168,56,325,172,151,55,201,139,391,54,269,58,298,122,68,123,128,165,357,475,137,139,177,248,191,260,262,112,145,26,307,75,143,260,165,124,185,257,433,112,181,380,224,163,227,134,203,144,173,290,265,270,134,407,61,245,162,173,333,151,106,122,196,163,198,15,126,0,290,135,198,144,114,161,106,131,138,259,138,98,203,326,188,123,143,187,305,39,223,192,128,76,345,317,247,237,108,130,175,150,174,157,232
90,Teocaltiche,116,207,234,256,208,244,245,118,201,251,301,308,131,252,354,155,318,164,426,509,393,472,286,236,361,280,431,335,91,194,428,291,181,338,56,248,348,289,165,260,393,512,416,184,119,45,171,140,388,217,159,289,97,355,235,369,273,362,293,44,469,297,160,158,351,176,465,414,312,156,210,107,53,86,261,444,249,63,279,410,369,271,208,359,321,283,325,275,246,290,0,251,94,221,219,269,189,161,341,539,157,345,329,363,134,345,252,312,115,319,67,300,313,214,382,28,69,55,228,167,300,351,166,136,110
91,Teocuitatlán de Corona,144,50,127,35,122,111,139,213,115,72,146,175,181,30,172,204,163,171,351,377,208,270,64,81,286,54,246,180,163,91,353,136,230,171,259,142,152,156,90,174,318,437,231,97,138,210,153,221,167,64,106,134,269,147,150,142,47,229,67,219,394,164,142,341,129,125,332,229,85,106,135,252,226,231,154,369,94,207,57,277,294,50,98,226,99,69,103,120,25,135,251,0,159,136,113,47,68,93,120,353,100,124,107,288,150,125,30,90,267,164,185,74,92,59,307,279,209,199,36,92,79,129,135,119,193
92,Tepatitlán de Morelos,25,115,146,164,120,156,158,56,113,159,209,220,51,160,262,75,226,79,344,422,301,380,194,144,279,186,339,243,89,100,346,199,101,246,102,160,256,201,74,172,311,430,324,91,117,52,78,77,296,123,65,197,112,263,147,275,179,274,199,74,387,209,68,184,258,84,377,322,218,62,128,95,69,74,173,362,157,50,187,322,287,179,120,271,229,191,233,183,154,198,94,159,0,133,132,175,96,69,249,447,65,253,237,281,42,253,158,220,109,227,28,207,221,122,300,122,51,60,136,81,208,259,74,42,35
93,Tequila,118,91,57,140,13,81,44,187,22,135,155,145,155,136,209,178,173,161,305,316,248,327,170,91,240,167,286,189,131,109,307,145,204,192,233,44,202,126,61,45,272,391,271,99,106,184,152,195,272,107,91,143,243,210,21,255,160,198,180,187,349,134,141,315,235,124,271,269,198,88,89,226,200,205,57,323,94,181,163,247,248,155,45,196,205,167,209,130,130,144,221,136,133,0,56,156,79,67,225,368,74,229,213,242,124,229,138,196,241,173,159,187,197,93,261,249,183,166,112,59,185,235,116,93,167
94,Teuchitlán,117,69,14,118,43,45,26,186,35,113,125,110,153,113,178,176,142,159,303,312,217,297,148,60,239,145,255,158,129,102,305,115,202,162,232,29,172,91,59,73,271,389,241,93,104,182,145,193,250,85,89,113,241,179,50,233,137,164,157,185,347,99,135,313,212,117,267,238,176,86,87,224,199,203,41,321,61,179,140,212,247,132,17,161,183,145,187,99,107,114,219,113,132,56,0,133,57,65,202,363,72,202,191,240,122,207,116,174,239,143,157,165,175,63,259,247,181,164,90,57,162,212,114,91,165
95,Tizapán el Alto,162,78,148,81,143,137,159,231,136,118,172,201,196,76,218,215,189,172,371,402,254,314,110,107,306,46,292,206,183,79,373,162,235,209,277,162,198,182,110,194,338,457,277,85,158,227,154,233,196,53,114,160,286,193,170,134,39,255,59,239,415,190,144,359,172,126,358,275,78,113,155,270,244,249,175,389,120,224,103,303,314,96,118,252,100,115,136,146,71,161,269,47,175,156,133,0,88,113,166,399,120,170,152,308,165,170,17,126,284,190,202,66,138,85,327,296,226,219,82,112,122,175,137,134,210
96,Tlajomulco de Zúñiga,81,23,71,72,66,82,83,151,59,67,117,146,118,68,171,141,135,106,295,347,210,289,102,53,230,99,247,151,107,46,297,107,167,154,196,86,164,127,34,118,262,381,233,36,82,147,88,158,205,39,42,105,206,172,93,188,92,199,112,163,338,135,78,278,167,61,303,231,131,42,78,189,163,168,98,312,65,144,95,248,238,87,42,197,137,99,141,92,62,106,189,68,96,79,57,88,0,30,157,355,37,161,145,231,87,162,71,128,204,135,122,119,129,30,250,216,146,142,44,35,117,167,71,56,130
97,Tlaquepaque,54,48,79,98,54,90,91,123,47,92,142,154,90,93,196,114,160,96,278,355,235,314,128,78,213,124,272,176,82,46,280,132,140,179,169,94,189,135,8,105,245,364,258,36,57,119,89,131,230,65,27,130,179,197,81,213,117,207,137,138,321,143,78,251,192,61,310,256,156,24,61,162,136,141,106,296,91,117,120,256,221,112,54,205,162,124,166,117,87,131,161,93,69,67,65,113,30,0,182,380,9,186,171,214,59,187,96,153,176,160,95,145,154,56,233,189,118,117,69,14,142,192,51,28,103
98,Tolimán,234,136,217,89,211,197,228,303,205,136,149,191,270,97,90,293,129,260,440,314,126,205,68,167,375,173,164,146,252,190,442,182,319,90,348,231,70,225,179,263,407,526,149,189,227,299,242,310,162,163,196,131,358,66,239,220,158,215,143,308,483,203,231,430,124,214,318,147,163,195,224,341,316,320,243,458,180,296,87,263,383,70,187,212,96,117,98,146,96,138,341,120,249,225,202,166,157,182,0,272,189,42,103,377,239,43,148,87,356,100,274,152,28,145,396,368,298,288,117,181,75,50,225,208,282
99,Tomatlán,432,333,351,323,380,320,361,501,372,370,270,255,468,330,185,492,250,458,638,53,152,146,301,305,573,406,184,266,450,388,640,303,517,220,547,364,204,289,377,355,605,724,169,387,425,497,440,509,395,361,394,251,556,209,348,454,392,200,377,506,682,267,429,628,357,412,97,125,397,393,422,539,514,518,376,656,310,494,320,171,581,303,354,229,330,351,332,267,329,259,539,353,447,368,363,399,355,380,272,0,387,231,311,575,437,257,382,321,554,221,472,386,261,325,594,566,496,486,351,379,309,283,423,406,480
100,Tonalá,50,55,86,105,61,97,98,119,54,99,149,161,86,100,203,110,167,92,284,362,242,321,135,85,219,131,279,183,88,52,286,139,135,186,165,101,196,142,13,112,251,370,265,43,63,115,85,127,237,72,23,137,174,204,88,220,124,214,144,137,327,150,75,246,199,58,317,263,163,20,67,157,132,136,113,301,98,112,127,263,227,119,61,212,169,131,173,124,94,138,157,100,65,74,72,120,37,9,189,387,0,193,178,220,55,194,103,160,172,167,90,152,161,63,239,184,114,116,76,20,149,199,47,24,98
101,Tonaya,238,140,196,93,216,166,207,307,209,140,109,151,274,101,50,298,89,264,444,274,86,165,72,144,380,177,124,105,256,194,446,142,324,49,353,209,30,184,183,253,412,531,109,194,232,303,246,315,166,167,200,90,362,25,231,225,163,175,148,312,488,163,236,435,128,218,278,107,168,199,228,345,320,325,222,462,149,300,91,223,388,74,191,172,100,121,103,106,100,98,345,124,253,229,202,170,161,186,42,231,193,0,107,381,243,28,153,91,360,60,278,157,32,149,400,372,302,292,121,185,80,54,229,212,287
102,Tonila,222,128,205,87,200,189,217,291,193,134,214,253,258,82,155,282,194,248,429,354,191,165,43,159,364,134,228,210,241,178,431,214,308,154,337,220,135,234,168,252,396,515,214,178,216,287,230,299,104,152,184,195,347,130,227,176,114,279,99,297,472,242,220,419,66,203,382,212,119,184,212,330,304,309,232,447,172,285,62,328,372,72,175,277,52,115,40,198,88,203,329,107,237,213,191,152,145,171,103,311,178,107,0,365,228,107,134,29,344,165,263,108,92,137,384,357,286,276,109,170,37,99,213,197,271
103,Totatiche,266,243,254,292,229,265,266,335,222,287,337,329,302,288,391,326,355,308,67,530,429,509,322,272,39,319,467,371,272,259,69,327,351,374,381,269,384,310,207,280,71,190,453,249,247,331,301,343,424,259,239,325,390,391,256,407,312,382,332,328,148,318,291,462,387,274,485,450,351,236,153,373,348,352,281,84,278,328,315,431,47,307,229,380,357,319,361,312,282,326,363,288,281,242,240,308,231,214,377,575,220,381,365,0,271,381,291,348,388,355,306,339,349,250,22,390,330,308,264,200,337,387,263,240,314
104,Tototlán,49,105,136,155,111,147,148,66,104,149,199,211,31,150,253,55,217,44,334,412,292,371,184,135,270,176,329,233,130,90,336,189,80,236,142,151,246,192,64,162,302,420,315,81,114,92,38,72,287,113,55,187,151,254,138,265,169,264,189,114,378,200,27,224,249,43,367,313,208,52,118,127,109,106,163,352,147,89,177,313,278,169,111,262,219,181,223,174,144,188,134,150,42,124,122,165,87,59,239,437,55,243,228,271,0,244,148,210,142,217,67,196,211,112,290,161,91,101,126,71,199,249,33,31,63
105,Tuxcacuesco,238,141,221,94,216,192,232,307,209,141,134,176,274,101,75,298,114,265,445,299,111,191,72,169,380,178,149,131,257,194,447,167,324,75,353,235,55,210,184,268,412,531,135,194,232,303,246,315,166,168,200,116,363,51,243,225,163,200,148,313,488,188,236,435,129,219,303,133,168,200,228,346,320,325,247,463,174,301,91,249,388,75,191,198,101,122,103,132,100,123,345,125,253,229,207,170,162,187,43,257,194,28,107,381,244,0,153,92,360,86,279,157,32,150,400,373,302,292,122,186,80,54,229,213,287
106,Tuxcueca,145,60,130,64,125,120,142,213,118,101,154,184,179,58,200,198,172,155,354,385,237,297,93,90,289,29,274,188,166,62,356,144,218,191,260,145,180,165,93,177,321,440,260,67,141,210,137,216,179,35,97,142,269,176,152,117,22,237,41,222,397,173,126,341,155,109,340,258,60,96,138,252,227,231,157,372,103,207,86,286,297,79,101,235,82,97,119,129,53,143,252,30,158,138,116,17,71,96,148,382,103,153,134,291,148,153,0,109,267,172,185,49,121,68,309,279,209,201,65,95,105,158,120,117,193
107,Tuxpan,205,111,188,70,183,172,200,274,176,117,198,236,241,64,139,265,178,231,411,363,175,191,26,142,347,109,213,194,223,161,413,196,291,139,320,203,119,217,150,235,379,498,198,161,199,270,213,282,88,134,167,180,329,115,210,151,89,264,74,279,455,225,203,402,50,185,367,196,94,166,195,313,287,292,215,429,155,267,45,312,355,54,158,261,27,98,24,181,71,187,312,90,220,196,174,126,128,153,87,321,160,91,29,348,210,92,109,0,327,149,245,83,77,120,367,339,269,259,92,152,12,84,196,179,254
108,Unión de San Antonio,132,222,253,271,227,264,265,99,221,266,316,327,112,267,369,136,334,145,451,529,408,488,301,251,386,295,446,350,179,209,453,306,162,353,63,268,363,308,181,279,418,537,432,200,207,78,160,121,403,232,174,304,31,370,255,384,288,381,308,123,495,316,166,101,366,184,484,429,327,171,235,16,62,36,280,469,264,60,294,430,394,286,228,379,336,298,340,290,261,305,115,267,109,241,239,284,204,176,356,554,172,360,344,388,142,360,267,327,0,334,87,316,328,229,407,141,100,143,243,188,316,366,174,151,97
109,Unión de Tula,212,113,137,151,160,107,148,281,152,160,50,92,248,159,37,272,30,238,418,263,76,155,130,85,353,201,113,46,230,168,420,83,297,20,327,150,30,125,157,194,385,504,99,167,205,277,220,289,224,141,174,31,336,38,172,283,194,116,206,286,462,104,209,408,186,192,219,97,226,173,202,319,294,298,163,436,90,274,149,164,361,132,134,113,158,179,161,47,154,39,319,164,227,173,143,190,135,160,100,221,167,60,165,355,217,86,172,149,334,0,252,214,90,105,374,346,276,266,137,159,138,112,203,186,260
110,Valle de Guadalupe,50,140,171,190,146,182,183,64,139,184,234,246,76,185,288,100,252,105,369,447,327,406,220,170,305,214,364,268,104,127,371,224,126,271,79,186,281,227,99,197,337,456,350,118,132,25,104,85,322,150,92,222,89,289,173,302,206,299,226,47,413,235,94,161,284,109,402,348,245,89,153,72,45,51,198,387,182,27,212,348,313,204,146,297,254,216,258,209,179,223,67,185,28,159,157,202,122,95,274,472,90,278,263,306,67,279,185,245,87,252,0,234,246,147,325,94,24,68,161,106,234,284,100,69,44
111,Valle de Juárez,193,109,179,109,174,169,191,262,167,146,203,233,227,103,204,246,221,204,402,428,240,270,91,139,338,48,278,237,215,111,405,193,267,204,308,194,184,214,142,226,370,489,264,116,190,258,186,264,153,84,145,191,318,180,201,68,29,286,11,271,446,222,175,390,128,158,389,261,11,145,186,301,275,280,206,420,151,256,110,335,346,119,149,284,56,142,93,178,98,192,300,74,207,187,165,66,119,145,152,386,152,157,108,339,196,157,49,83,316,214,234,0,142,116,358,328,258,250,109,143,79,149,169,165,242
112,Ciudad Venustiano Carranza,206,108,189,61,184,169,201,275,177,108,139,180,242,69,80,266,119,232,412,304,116,195,57,139,348,145,154,135,224,162,414,172,292,79,321,203,60,214,151,235,380,498,139,162,200,271,214,283,151,135,168,120,330,55,211,210,138,205,133,280,456,192,203,403,113,186,308,137,153,167,196,313,288,292,216,430,152,268,63,253,356,42,159,202,86,89,88,136,68,128,313,92,221,197,175,138,129,154,28,261,161,32,92,349,211,32,121,77,328,90,246,142,0,117,368,340,270,260,89,153,65,39,197,180,254
113,Villa Corona,107,9,77,60,80,52,89,176,72,55,87,116,143,59,140,167,104,133,313,317,179,258,94,22,249,96,217,121,126,63,316,77,193,124,222,92,134,97,53,132,281,400,202,63,101,172,115,184,196,36,69,75,232,141,107,185,89,170,109,182,357,105,105,304,158,87,273,200,128,68,97,215,189,194,104,331,35,170,86,218,257,75,55,167,129,87,133,61,50,76,214,59,122,93,63,85,30,56,145,325,63,149,137,250,112,150,68,120,229,105,147,116,117,0,269,241,171,161,32,54,108,156,98,81,156
114,Villa Guerrero,285,262,273,311,248,284,285,354,241,306,356,348,321,307,409,344,373,327,46,549,448,528,341,291,58,338,486,390,291,278,48,346,370,393,400,288,403,329,226,299,90,209,472,268,266,350,320,361,443,278,258,344,409,410,275,426,331,401,351,347,166,337,310,481,406,293,504,469,369,255,172,392,367,371,300,64,296,347,334,450,66,326,248,399,376,338,380,330,301,345,382,307,300,261,259,327,250,233,396,594,239,400,384,22,290,400,309,367,407,374,325,358,368,269,0,409,349,326,283,219,356,406,282,259,333
115,Villa Hidalgo,144,234,261,284,235,272,273,146,229,278,328,336,158,279,382,182,346,191,453,537,421,500,314,264,389,308,458,362,118,221,455,318,208,365,79,276,375,317,192,287,420,539,444,212,147,72,198,167,416,244,186,316,121,383,263,396,300,389,320,72,497,324,188,182,378,203,492,442,339,183,237,135,80,114,288,471,276,90,306,438,397,298,236,387,348,310,352,303,273,317,28,279,122,249,247,296,216,189,368,566,184,372,357,390,161,373,279,339,141,346,94,328,340,241,409,0,96,83,255,194,328,378,194,163,138
116,Cañadas de Obregón,74,164,195,213,169,206,207,88,163,208,258,269,100,209,311,124,276,129,393,471,350,430,243,193,328,237,388,292,81,151,395,248,150,295,93,210,305,250,123,221,360,479,374,142,109,39,128,109,345,174,116,246,102,312,197,326,230,323,250,25,437,258,117,175,308,133,426,371,269,113,177,85,58,64,222,411,206,40,236,372,336,228,170,321,278,240,282,232,203,247,69,209,51,183,181,226,146,118,298,496,114,302,286,330,91,302,209,269,100,276,24,258,270,171,349,96,0,45,185,130,258,308,123,93,67
117,Yahualica de González Gallo,76,154,179,203,153,189,190,112,146,198,248,253,111,199,301,134,265,139,371,454,340,420,233,183,306,230,378,282,36,154,373,238,160,285,111,193,295,234,110,205,338,457,364,144,64,82,138,134,335,170,119,236,146,302,180,318,223,307,243,21,414,242,128,213,298,138,410,361,261,115,155,129,102,108,206,389,196,84,226,355,314,218,153,304,268,230,272,222,193,237,55,199,60,166,164,219,142,117,288,486,116,292,276,308,101,292,201,259,143,266,68,250,260,161,326,83,45,0,175,112,248,298,127,95,92
118,Zacoalco de Torres,121,24,104,33,99,85,116,190,92,41,119,148,157,31,169,181,136,147,327,350,205,271,66,54,263,89,243,153,139,77,329,109,207,156,236,119,149,129,66,151,295,414,228,77,115,186,129,198,168,50,83,107,245,144,126,177,82,202,102,195,371,137,119,318,130,101,305,226,120,82,111,229,203,208,131,345,67,183,59,251,271,47,74,200,101,66,105,93,22,108,228,36,136,112,90,82,44,69,117,351,76,121,109,264,126,122,65,92,243,137,161,109,89,32,283,255,185,175,0,68,80,128,112,95,170
119,Zapopan,66,47,71,97,46,82,83,135,39,91,141,146,102,92,195,126,159,108,263,347,234,313,126,77,199,123,271,175,76,59,265,131,151,178,181,86,188,127,7,97,231,350,257,49,51,131,101,143,229,63,39,129,190,196,73,212,116,199,136,132,307,135,91,262,191,74,302,255,155,36,47,173,148,152,98,281,89,128,119,248,207,111,46,197,161,123,165,116,86,130,167,92,81,59,57,112,35,14,181,379,20,185,170,200,71,186,95,152,188,159,106,143,153,54,219,194,130,112,68,0,141,191,63,40,114
120,Zapotiltic,193,99,176,58,171,160,188,262,164,105,186,224,230,53,128,253,167,220,400,351,164,199,14,130,335,104,201,183,212,150,402,185,279,127,308,191,108,205,139,223,367,486,187,149,187,259,202,270,94,123,155,168,318,103,199,147,85,252,70,268,443,213,191,390,58,174,355,185,90,155,184,301,275,280,203,418,143,256,33,301,343,43,147,250,22,86,32,169,59,175,300,79,208,185,162,122,117,142,75,309,149,80,37,337,199,80,105,12,316,138,234,79,65,108,356,328,258,248,80,141,0,72,184,168,242
121,Zapotitlán de Vadillo,244,148,227,100,222,209,238,313,215,148,160,202,280,103,102,304,141,270,450,326,138,217,65,178,385,175,175,157,262,200,452,194,329,101,359,241,82,236,189,273,417,536,161,199,237,309,252,321,158,173,206,142,368,77,249,217,155,226,140,318,494,214,241,440,121,224,329,159,160,205,234,351,326,330,254,468,191,306,84,275,393,81,197,224,93,128,95,158,107,150,351,129,259,235,212,175,167,192,50,283,199,54,99,387,249,54,158,84,366,112,284,149,39,156,406,378,308,298,128,191,72,0,235,218,292
122,Zapotlán del Rey,60,91,128,140,102,139,140,98,96,135,185,203,63,136,238,87,202,48,326,404,277,356,170,120,261,148,315,219,130,62,328,175,109,222,174,143,232,183,56,154,293,412,300,53,106,124,40,104,272,85,46,173,184,239,130,237,141,256,161,146,370,191,29,256,235,11,359,298,180,43,110,160,141,139,155,344,133,122,163,305,269,155,103,254,202,167,209,159,130,174,166,135,74,116,114,137,71,51,225,423,47,229,213,263,33,229,120,196,174,203,100,169,197,98,282,194,123,127,112,63,184,235,0,33,96
123,Zapotlanejo,28,74,105,123,80,116,117,97,73,118,168,180,62,119,222,86,186,76,303,381,261,340,153,104,239,145,298,202,107,59,305,158,112,205,143,120,215,161,33,131,271,389,284,50,83,94,69,103,256,82,24,156,153,223,107,234,138,233,158,115,347,169,58,225,218,43,336,282,177,21,87,136,110,115,132,321,116,91,146,282,247,138,80,231,188,150,192,143,113,157,136,119,42,93,91,134,56,28,208,406,24,212,197,240,31,213,117,179,151,186,69,165,180,81,259,163,93,95,95,40,168,218,33,0,77
124,San Ignacio Cerro Gordo,58,148,180,198,154,190,191,21,147,192,242,254,33,193,296,57,260,66,378,455,335,414,228,178,313,221,373,276,121,135,380,233,83,279,106,194,289,235,107,206,345,464,358,126,149,68,81,42,330,158,100,230,115,297,181,310,214,308,234,90,421,243,88,187,292,106,411,356,253,97,161,82,85,61,206,395,191,54,220,356,321,212,154,305,263,224,267,217,187,232,110,193,35,167,165,210,130,103,282,480,98,287,271,314,63,287,193,254,97,260,44,242,254,156,333,138,67,92,170,114,242,292,96,77,0
